{"Adjustments":[],"AdjustmentsSum":0,"Boards":[1,2,3,4,5,6,7,8,9,10,11,12,13,14,15,16,17,18,19,20,21,22,23,24,25,26,27],"CarryOverSum":0,"ClassificationPoints":1,"CongressPoints":0,"NextSitting":null,"NumberOfScoresUntilHistory":0,"Participant":{"__type":"PairParticipant:#TournamentStructure","Number":4,"_notClassified":false,"_notShown":false,"_siteoff":false,"_webpagePassword":"KSbNHTVE","_webpageUsername":"participant_4","_person1":{"ChangedFromTeamsNew":"\/Date(-62135341200000+0100)\/","DontRegister":false,"Validates":true,"_ageCategory":null,"_bboUsername":"","_club":"","_discount":false,"_firstName":"Jan","_flag":null,"_isNewTeamPerson":false,"_isSitOut":false,"_lastName":"Marczak","_membershipFee":false,"_pid":{"__type":"RealNotregisteredPid:#TournamentStructure","Number":100005},"_resultNote":"","_sex":null,"_state":"","_wk":0,"_wkTag":null},"_person2":{"ChangedFromTeamsNew":"\/Date(-62135341200000+0100)\/","DontRegister":false,"Validates":true,"_ageCategory":null,"_bboUsername":"","_club":"","_discount":false,"_firstName":"Andrzej","_flag":null,"_isNewTeamPerson":false,"_isSitOut":false,"_lastName":"Jaraszkiewicz","_membershipFee":false,"_pid":{"__type":"RealNotregisteredPid:#TournamentStructure","Number":100004},"_resultNote":"","_sex":null,"_state":"","_wk":0,"_wkTag":null}},"Place":9,"RemainingBoardsNumber":0,"RemainingBoardsScore":0.000,"Result":-62.625,"ResultUntilHistory":0,"Rounds":[{"Adjustments":[],"AdjustmentsSum":0,"Opponents":[{"Number":6,"_flag":null,"_name":"Elżbieta Warwas - Igor Reguła","_person1":{"_bboUsername":"","_firstName":"Igor","_flag":null,"_lastName":"Reguła","_pid":{"__type":"RealPid:#TournamentStructure","Number":6073},"_resultNote":""},"_person2":{"_bboUsername":"","_firstName":"Elżbieta","_flag":null,"_lastName":"Warwas","_pid":{"__type":"RealNotregisteredPid:#TournamentStructure","Number":100001},"_resultNote":""},"_shortName":"E Warwas - I Reguła"}],"Partner":null,"Result":-6,"Result1":0,"Result2":0,"ResultOpponents1":0,"ResultOpponents2":0,"ResultWe1":0,"ResultWe2":0,"Round":1,"Scores":[{"Bidding":[],"Board":13,"BoardAsPlayed":13,"BoardDatum":-10000,"Line":"WE","Play":[],"Result":5,"ResultAfterScore":5,"Score":{"__type":"PointScore:#CalculatingEngine","WithContract":true,"Contract":{"Contract":{"Denomination":0,"Height":2,"Xx":0},"Declarer":1},"Declarer":0,"Denomination":0,"Height":0,"Lead":{"CardColor":3,"CardHeight":12},"Overtricks":2,"Score":130,"Xx":0},"ScoringGroup":0,"Segment":0},{"Bidding":[],"Board":14,"BoardAsPlayed":14,"BoardDatum":-10000,"Line":"WE","Play":[],"Result":0,"ResultAfterScore":5,"Score":{"__type":"PointScore:#CalculatingEngine","WithContract":true,"Contract":{"Contract":{"Denomination":4,"Height":5,"Xx":0},"Declarer":3},"Declarer":0,"Denomination":0,"Height":0,"Lead":{"CardColor":0,"CardHeight":3},"Overtricks":0,"Score":-460,"Xx":0},"ScoringGroup":0,"Segment":0},{"Bidding":[],"Board":15,"BoardAsPlayed":15,"BoardDatum":-10000,"Line":"WE","Play":[],"Result":-11,"ResultAfterScore":-6,"Score":{"__type":"PointScore:#CalculatingEngine","WithContract":true,"Contract":{"Contract":{"Denomination":2,"Height":3,"Xx":0},"Declarer":2},"Declarer":0,"Denomination":0,"Height":0,"Lead":{"CardColor":0,"CardHeight":12},"Overtricks":-2,"Score":100,"Xx":0},"ScoringGroup":0,"Segment":0}],"SegmentsResults":null,"Session":1,"Table":"A5"},{"Adjustments":[],"AdjustmentsSum":0,"Opponents":[{"Number":8,"_flag":null,"_name":"Tomasz Kloze - Jerzy Janio","_person1":{"_bboUsername":"","_firstName":"Tomasz","_flag":null,"_lastName":"Kloze","_pid":{"__type":"RealNotregisteredPid:#TournamentStructure","Number":100003},"_resultNote":""},"_person2":{"_bboUsername":"","_firstName":"Jerzy","_flag":null,"_lastName":"Janio","_pid":{"__type":"RealPid:#TournamentStructure","Number":12852},"_resultNote":""},"_shortName":"T Kloze - J Janio"}],"Partner":null,"Result":-2,"Result1":0,"Result2":0,"ResultOpponents1":0,"ResultOpponents2":0,"ResultWe1":0,"ResultWe2":0,"Round":2,"Scores":[{"Bidding":[],"Board":4,"BoardAsPlayed":4,"BoardDatum":-10000,"Line":"NS","Play":[],"Result":-1,"ResultAfterScore":-7,"Score":{"__type":"PointScore:#CalculatingEngine","WithContract":true,"Contract":{"Contract":{"Denomination":4,"Height":3,"Xx":0},"Declarer":3},"Declarer":0,"Denomination":0,"Height":0,"Lead":{"CardColor":0,"CardHeight":0},"Overtricks":1,"Score":-630,"Xx":0},"ScoringGroup":0,"Segment":0},{"Bidding":[],"Board":5,"BoardAsPlayed":5,"BoardDatum":-10000,"Line":"NS","Play":[],"Result":-4.3333333333333333333333333333,"ResultAfterScore":-11.333333333333333333333333333,"Score":{"__type":"PointScore:#CalculatingEngine","WithContract":true,"Contract":{"Contract":{"Denomination":0,"Height":5,"Xx":0},"Declarer":2},"Declarer":0,"Denomination":0,"Height":0,"Lead":{"CardColor":3,"CardHeight":12},"Overtricks":0,"Score":-400,"Xx":0},"ScoringGroup":0,"Segment":0},{"Bidding":[],"Board":6,"BoardAsPlayed":6,"BoardDatum":-10000,"Line":"NS","Play":[],"Result":3.3333333333333333333333333333,"ResultAfterScore":-8,"Score":{"__type":"PointScore:#CalculatingEngine","WithContract":true,"Contract":{"Contract":{"Denomination":0,"Height":5,"Xx":1},"Declarer":0},"Declarer":0,"Denomination":0,"Height":0,"Lead":{"CardColor":3,"CardHeight":12},"Overtricks":-3,"Score":-500,"Xx":0},"ScoringGroup":0,"Segment":0}],"SegmentsResults":null,"Session":1,"Table":"A1"},{"Adjustments":[],"AdjustmentsSum":0,"Opponents":[{"Number":7,"_flag":null,"_name":"Andrzej Wieczorek - Maciej Zbrzezny","_person1":{"_bboUsername":"","_firstName":"Andrzej","_flag":null,"_lastName":"Wieczorek","_pid":{"__type":"RealPid:#TournamentStructure","Number":17396},"_resultNote":""},"_person2":{"_bboUsername":"","_firstName":"Maciej","_flag":null,"_lastName":"Zbrzezny","_pid":{"__type":"RealPid:#TournamentStructure","Number":23821},"_resultNote":""},"_shortName":"A Wieczorek - M Zbrzezny"}],"Partner":null,"Result":-3,"Result1":0,"Result2":0,"ResultOpponents1":0,"ResultOpponents2":0,"ResultWe1":0,"ResultWe2":0,"Round":3,"Scores":[{"Bidding":[],"Board":10,"BoardAsPlayed":10,"BoardDatum":-10000,"Line":"NS","Play":[],"Result":-5.6666666666666666666666666667,"ResultAfterScore":-13.666666666666666666666666667,"Score":{"__type":"PointScore:#CalculatingEngine","WithContract":true,"Contract":{"Contract":{"Denomination":3,"Height":3,"Xx":0},"Declarer":3},"Declarer":0,"Denomination":0,"Height":0,"Lead":{"CardColor":3,"CardHeight":4},"Overtricks":-2,"Score":200,"Xx":0},"ScoringGroup":0,"Segment":0},{"Bidding":[],"Board":11,"BoardAsPlayed":11,"BoardDatum":-10000,"Line":"NS","Play":[],"Result":-0.3333333333333333333333333333,"ResultAfterScore":-14,"Score":{"__type":"PointScore:#CalculatingEngine","WithContract":true,"Contract":{"Contract":{"Denomination":3,"Height":4,"Xx":0},"Declarer":3},"Declarer":0,"Denomination":0,"Height":0,"Lead":{"CardColor":2,"CardHeight":1},"Overtricks":1,"Score":-450,"Xx":0},"ScoringGroup":0,"Segment":0},{"Bidding":[],"Board":12,"BoardAsPlayed":12,"BoardDatum":-10000,"Line":"NS","Play":[],"Result":3,"ResultAfterScore":-11,"Score":{"__type":"PointScore:#CalculatingEngine","WithContract":true,"Contract":{"Contract":{"Denomination":4,"Height":1,"Xx":0},"Declarer":1},"Declarer":0,"Denomination":0,"Height":0,"Lead":{"CardColor":3,"CardHeight":2},"Overtricks":-1,"Score":-100,"Xx":0},"ScoringGroup":0,"Segment":0}],"SegmentsResults":null,"Session":1,"Table":"A2"},{"Adjustments":[],"AdjustmentsSum":0,"Opponents":[{"Number":10,"_flag":null,"_name":"PAUZA - PAUZA","_person1":{"_bboUsername":"","_firstName":"","_flag":null,"_lastName":"PAUZA","_pid":{"__type":"NoPid:#TournamentStructure","Number":0},"_resultNote":""},"_person2":{"_bboUsername":"","_firstName":"","_flag":null,"_lastName":"PAUZA","_pid":{"__type":"NoPid:#TournamentStructure","Number":0},"_resultNote":""},"_shortName":"\u0000 PAUZA - \u0000 PAUZA"}],"Partner":null,"Result":0,"Result1":0,"Result2":0,"ResultOpponents1":0,"ResultOpponents2":0,"ResultWe1":0,"ResultWe2":0,"Round":4,"Scores":[{"Bidding":[],"Board":16,"BoardAsPlayed":16,"BoardDatum":-10000,"Line":"WE","Play":[],"Result":-2.3194444444444444444444444444,"ResultAfterScore":-13.319444444444444444444444444,"Score":{"__type":"ArtificialScoreSitOut:#CalculatingEngine","WithContract":false},"ScoringGroup":0,"Segment":0},{"Bidding":[],"Board":17,"BoardAsPlayed":17,"BoardDatum":-10000,"Line":"WE","Play":[],"Result":-2.3194444444444444444444444444,"ResultAfterScore":-15.638888888888888888888888889,"Score":{"__type":"ArtificialScoreSitOut:#CalculatingEngine","WithContract":false},"ScoringGroup":0,"Segment":0},{"Bidding":[],"Board":18,"BoardAsPlayed":18,"BoardDatum":-10000,"Line":"WE","Play":[],"Result":-2.3194444444444444444444444444,"ResultAfterScore":-17.958333333333333333333333333,"Score":{"__type":"ArtificialScoreSitOut:#CalculatingEngine","WithContract":false},"ScoringGroup":0,"Segment":0}],"SegmentsResults":null,"Session":1,"Table":"A3"},{"Adjustments":[],"AdjustmentsSum":0,"Opponents":[{"Number":3,"_flag":null,"_name":"Dariusz Cygan - Leszek Supera","_person1":{"_bboUsername":"","_firstName":"Dariusz","_flag":null,"_lastName":"Cygan","_pid":{"__type":"RealPid:#TournamentStructure","Number":5592},"_resultNote":""},"_person2":{"_bboUsername":"","_firstName":"Leszek","_flag":null,"_lastName":"Supera","_pid":{"__type":"RealPid:#TournamentStructure","Number":20919},"_resultNote":""},"_shortName":"D Cygan - L Supera"}],"Partner":null,"Result":-13.666666666666666666666666667,"Result1":0,"Result2":0,"ResultOpponents1":0,"ResultOpponents2":0,"ResultWe1":0,"ResultWe2":0,"Round":5,"Scores":[{"Bidding":[],"Board":22,"BoardAsPlayed":22,"BoardDatum":-10000,"Line":"WE","Play":[],"Result":-4,"ResultAfterScore":-21.958333333333333333333333333,"Score":{"__type":"PointScore:#CalculatingEngine","WithContract":true,"Contract":{"Contract":{"Denomination":3,"Height":3,"Xx":0},"Declarer":2},"Declarer":0,"Denomination":0,"Height":0,"Lead":{"CardColor":1,"CardHeight":10},"Overtricks":0,"Score":-140,"Xx":0},"ScoringGroup":0,"Segment":0},{"Bidding":[],"Board":23,"BoardAsPlayed":23,"BoardDatum":-10000,"Line":"WE","Play":[],"Result":-6.3333333333333333333333333333,"ResultAfterScore":-28.291666666666666666666666667,"Score":{"__type":"PointScore:#CalculatingEngine","WithContract":true,"Contract":{"Contract":{"Denomination":2,"Height":2,"Xx":0},"Declarer":2},"Declarer":0,"Denomination":0,"Height":0,"Lead":{"CardColor":0,"CardHeight":10},"Overtricks":-2,"Score":200,"Xx":0},"ScoringGroup":0,"Segment":0},{"Bidding":[],"Board":24,"BoardAsPlayed":24,"BoardDatum":-10000,"Line":"WE","Play":[],"Result":-3.3333333333333333333333333333,"ResultAfterScore":-31.625,"Score":{"__type":"PointScore:#CalculatingEngine","WithContract":true,"Contract":{"Contract":{"Denomination":4,"Height":3,"Xx":0},"Declarer":2},"Declarer":0,"Denomination":0,"Height":0,"Lead":{"CardColor":0,"CardHeight":0},"Overtricks":-2,"Score":100,"Xx":0},"ScoringGroup":0,"Segment":0}],"SegmentsResults":null,"Session":1,"Table":"A4"},{"Adjustments":[],"AdjustmentsSum":0,"Opponents":[{"Number":5,"_flag":null,"_name":"Andrzej Duszyński - Krzysztof Rosiak","_person1":{"_bboUsername":"","_firstName":"Andrzej","_flag":null,"_lastName":"Duszyński","_pid":{"__type":"RealPid:#TournamentStructure","Number":15395},"_resultNote":""},"_person2":{"_bboUsername":"","_firstName":"Krzysztof","_flag":null,"_lastName":"Rosiak","_pid":{"__type":"RealPid:#TournamentStructure","Number":5791},"_resultNote":""},"_shortName":"A Duszyński - K Rosiak"}],"Partner":null,"Result":-21.333333333333333333333333333,"Result1":0,"Result2":0,"ResultOpponents1":0,"ResultOpponents2":0,"ResultWe1":0,"ResultWe2":0,"Round":6,"Scores":[{"Bidding":[],"Board":25,"BoardAsPlayed":25,"BoardDatum":-10000,"Line":"NS","Play":[],"Result":-14,"ResultAfterScore":-45.625,"Score":{"__type":"PointScore:#CalculatingEngine","WithContract":true,"Contract":{"Contract":{"Denomination":4,"Height":6,"Xx":1},"Declarer":3},"Declarer":0,"Denomination":0,"Height":0,"Lead":{"CardColor":1,"CardHeight":6},"Overtricks":0,"Score":-1680,"Xx":0},"ScoringGroup":0,"Segment":0},{"Bidding":[],"Board":26,"BoardAsPlayed":26,"BoardDatum":-10000,"Line":"NS","Play":[],"Result":0,"ResultAfterScore":-45.625,"Score":{"__type":"PointScore:#CalculatingEngine","WithContract":true,"Contract":{"Contract":{"Denomination":4,"Height":3,"Xx":0},"Declarer":2},"Declarer":0,"Denomination":0,"Height":0,"Lead":{"CardColor":3,"CardHeight":8},"Overtricks":2,"Score":-660,"Xx":0},"ScoringGroup":0,"Segment":0},{"Bidding":[],"Board":27,"BoardAsPlayed":27,"BoardDatum":-10000,"Line":"NS","Play":[],"Result":-7.3333333333333333333333333333,"ResultAfterScore":-52.958333333333333333333333333,"Score":{"__type":"PointScore:#CalculatingEngine","WithContract":true,"Contract":{"Contract":{"Denomination":2,"Height":6,"Xx":0},"Declarer":2},"Declarer":0,"Denomination":0,"Height":0,"Lead":{"CardColor":0,"CardHeight":10},"Overtricks":0,"Score":-980,"Xx":0},"ScoringGroup":0,"Segment":0}],"SegmentsResults":null,"Session":1,"Table":"A4"},{"Adjustments":[],"AdjustmentsSum":0,"Opponents":[{"Number":9,"_flag":null,"_name":"Małgorzata Kula - Paweł Kula","_person1":{"_bboUsername":"","_firstName":"Paweł","_flag":null,"_lastName":"Kula","_pid":{"__type":"RealNotregisteredPid:#TournamentStructure","Number":100014},"_resultNote":""},"_person2":{"_bboUsername":"","_firstName":"Małgorzata","_flag":null,"_lastName":"Kula","_pid":{"__type":"RealNotregisteredPid:#TournamentStructure","Number":100013},"_resultNote":""},"_shortName":"M Kula - P Kula"}],"Partner":null,"Result":-6.3333333333333333333333333333,"Result1":0,"Result2":0,"ResultOpponents1":0,"ResultOpponents2":0,"ResultWe1":0,"ResultWe2":0,"Round":7,"Scores":[{"Bidding":[],"Board":19,"BoardAsPlayed":19,"BoardDatum":-10000,"Line":"WE","Play":[],"Result":-8.333333333333333333333333333,"ResultAfterScore":-61.291666666666666666666666667,"Score":{"__type":"PointScore:#CalculatingEngine","WithContract":true,"Contract":{"Contract":{"Denomination":3,"Height":6,"Xx":0},"Declarer":3},"Declarer":0,"Denomination":0,"Height":0,"Lead":{"CardColor":0,"CardHeight":12},"Overtricks":-2,"Score":200,"Xx":0},"ScoringGroup":0,"Segment":0},{"Bidding":[],"Board":20,"BoardAsPlayed":20,"BoardDatum":-10000,"Line":"WE","Play":[],"Result":7,"ResultAfterScore":-54.291666666666666666666666667,"Score":{"__type":"PointScore:#CalculatingEngine","WithContract":true,"Contract":{"Contract":{"Denomination":4,"Height":3,"Xx":0},"Declarer":2},"Declarer":0,"Denomination":0,"Height":0,"Lead":{"CardColor":1,"CardHeight":7},"Overtricks":0,"Score":-600,"Xx":0},"ScoringGroup":0,"Segment":0},{"Bidding":[],"Board":21,"BoardAsPlayed":21,"BoardDatum":-10000,"Line":"WE","Play":[],"Result":-5,"ResultAfterScore":-59.291666666666666666666666667,"Score":{"__type":"PointScore:#CalculatingEngine","WithContract":true,"Contract":{"Contract":{"Denomination":2,"Height":3,"Xx":0},"Declarer":0},"Declarer":0,"Denomination":0,"Height":0,"Lead":{"CardColor":1,"CardHeight":10},"Overtricks":0,"Score":140,"Xx":0},"ScoringGroup":0,"Segment":0}],"SegmentsResults":null,"Session":1,"Table":"A1"},{"Adjustments":[],"AdjustmentsSum":0,"Opponents":[{"Number":2,"_flag":null,"_name":"Kazimierz Górniak - Bogdan Górniak","_person1":{"_bboUsername":"","_firstName":"Kazimierz","_flag":null,"_lastName":"Górniak","_pid":{"__type":"RealPid:#TournamentStructure","Number":12850},"_resultNote":""},"_person2":{"_bboUsername":"","_firstName":"Bogdan","_flag":null,"_lastName":"Górniak","_pid":{"__type":"RealNotregisteredPid:#TournamentStructure","Number":100002},"_resultNote":""},"_shortName":"K Górniak - B Górniak"}],"Partner":null,"Result":-10,"Result1":0,"Result2":0,"ResultOpponents1":0,"ResultOpponents2":0,"ResultWe1":0,"ResultWe2":0,"Round":8,"Scores":[{"Bidding":[],"Board":7,"BoardAsPlayed":7,"BoardDatum":-10000,"Line":"NS","Play":[],"Result":-5.6666666666666666666666666667,"ResultAfterScore":-64.958333333333333333333333333,"Score":{"__type":"PointScore:#CalculatingEngine","WithContract":true,"Contract":{"Contract":{"Denomination":3,"Height":4,"Xx":0},"Declarer":1},"Declarer":0,"Denomination":0,"Height":0,"Lead":{"CardColor":0,"CardHeight":12},"Overtricks":-3,"Score":-300,"Xx":0},"ScoringGroup":0,"Segment":0},{"Bidding":[],"Board":8,"BoardAsPlayed":8,"BoardDatum":-10000,"Line":"NS","Play":[],"Result":-0.6666666666666666666666666667,"ResultAfterScore":-65.625,"Score":{"__type":"PointScore:#CalculatingEngine","WithContract":true,"Contract":{"Contract":{"Denomination":2,"Height":2,"Xx":0},"Declarer":1},"Declarer":0,"Denomination":0,"Height":0,"Lead":{"CardColor":0,"CardHeight":10},"Overtricks":0,"Score":110,"Xx":0},"ScoringGroup":0,"Segment":0},{"Bidding":[],"Board":9,"BoardAsPlayed":9,"BoardDatum":-10000,"Line":"NS","Play":[],"Result":-3.6666666666666666666666666667,"ResultAfterScore":-69.291666666666666666666666667,"Score":{"__type":"PointScore:#CalculatingEngine","WithContract":true,"Contract":{"Contract":{"Denomination":3,"Height":4,"Xx":0},"Declarer":0},"Declarer":0,"Denomination":0,"Height":0,"Lead":{"CardColor":0,"CardHeight":0},"Overtricks":-3,"Score":-150,"Xx":0},"ScoringGroup":0,"Segment":0}],"SegmentsResults":null,"Session":1,"Table":"A5"},{"Adjustments":[],"AdjustmentsSum":0,"Opponents":[{"Number":1,"_flag":null,"_name":"Jakub Ulczyński - Paweł Cichoś","_person1":{"_bboUsername":"","_firstName":"Jakub","_flag":null,"_lastName":"Ulczyński","_pid":{"__type":"RealPid:#TournamentStructure","Number":15731},"_resultNote":""},"_person2":{"_bboUsername":"","_firstName":"Paweł","_flag":null,"_lastName":"Cichoś","_pid":{"__type":"RealPid:#TournamentStructure","Number":17413},"_resultNote":""},"_shortName":"J Ulczyński - P Cichoś"}],"Partner":null,"Result":6.6666666666666666666666666667,"Result1":0,"Result2":0,"ResultOpponents1":0,"ResultOpponents2":0,"ResultWe1":0,"ResultWe2":0,"Round":9,"Scores":[{"Bidding":[],"Board":1,"BoardAsPlayed":1,"BoardDatum":-10000,"Line":"WE","Play":[],"Result":4.3333333333333333333333333333,"ResultAfterScore":-64.958333333333333333333333333,"Score":{"__type":"PointScore:#CalculatingEngine","WithContract":true,"Contract":{"Contract":{"Denomination":4,"Height":1,"Xx":0},"Declarer":1},"Declarer":0,"Denomination":0,"Height":0,"Lead":{"CardColor":1,"CardHeight":4},"Overtricks":-3,"Score":-150,"Xx":0},"ScoringGroup":0,"Segment":0},{"Bidding":[],"Board":2,"BoardAsPlayed":2,"BoardDatum":-10000,"Line":"WE","Play":[],"Result":-2.3333333333333333333333333333,"ResultAfterScore":-67.291666666666666666666666667,"Score":{"__type":"PointScore:#CalculatingEngine","WithContract":true,"Contract":{"Contract":{"Denomination":4,"Height":3,"Xx":0},"Declarer":3},"Declarer":0,"Denomination":0,"Height":0,"Lead":{"CardColor":1,"CardHeight":4},"Overtricks":3,"Score":-490,"Xx":0},"ScoringGroup":0,"Segment":0},{"Bidding":[],"Board":3,"BoardAsPlayed":3,"BoardDatum":-10000,"Line":"WE","Play":[],"Result":4.6666666666666666666666666667,"ResultAfterScore":-62.625,"Score":{"__type":"PointScore:#CalculatingEngine","WithContract":true,"Contract":{"Contract":{"Denomination":1,"Height":2,"Xx":0},"Declarer":1},"Declarer":0,"Denomination":0,"Height":0,"Lead":{"CardColor":3,"CardHeight":12},"Overtricks":-2,"Score":-100,"Xx":0},"ScoringGroup":0,"Segment":0}],"SegmentsResults":null,"Session":1,"Table":"A2"}]}