{"ScoringGroups":[{"Distribution":{"Number":25,"_handRecord":{"Dealer":0,"HandE":{"Clubs":"AQJ8","Diamonds":"KJ95","Hcp":16,"Hearts":"64","Spades":"AJ8"},"HandN":{"Clubs":"1043","Diamonds":"Q62","Hcp":5,"Hearts":"2","Spades":"K107542"},"HandS":{"Clubs":"K975","Diamonds":"87","Hcp":8,"Hearts":"QJ85","Spades":"Q96"},"HandW":{"Clubs":"62","Diamonds":"A1043","Hcp":11,"Hearts":"AK10973","Spades":"3"},"MiniMax":"6dW-1370","TricksFromE":{"Clubs":10,"Diamonds":12,"Hearts":11,"Nt":11,"Spades":7},"TricksFromN":{"Clubs":3,"Diamonds":1,"Hearts":1,"Nt":2,"Spades":6},"TricksFromS":{"Clubs":3,"Diamonds":1,"Hearts":2,"Nt":2,"Spades":6},"TricksFromW":{"Clubs":10,"Diamonds":12,"Hearts":11,"Nt":10,"Spades":7},"Vulnerability":2,"_declarer":0},"_numberAsPlayed":25},"NsAverage":-10000,"Number":0,"Scores":[{"Bidding":[],"Guest":{"Number":6,"_flag":null,"_name":"Elżbieta Warwas - Igor Reguła","_person1":{"_bboUsername":"","_firstName":"Igor","_flag":null,"_lastName":"Reguła","_pid":{"__type":"RealPid:#TournamentStructure","Number":6073},"_resultNote":""},"_person2":{"_bboUsername":"","_firstName":"Elżbieta","_flag":null,"_lastName":"Warwas","_pid":{"__type":"RealNotregisteredPid:#TournamentStructure","Number":100001},"_resultNote":""},"_shortName":"E Warwas - I Reguła"},"Host":{"Number":2,"_flag":null,"_name":"Kazimierz Górniak - Bogdan Górniak","_person1":{"_bboUsername":"","_firstName":"Kazimierz","_flag":null,"_lastName":"Górniak","_pid":{"__type":"RealPid:#TournamentStructure","Number":12850},"_resultNote":""},"_person2":{"_bboUsername":"","_firstName":"Bogdan","_flag":null,"_lastName":"Górniak","_pid":{"__type":"RealNotregisteredPid:#TournamentStructure","Number":100002},"_resultNote":""},"_shortName":"K Górniak - B Górniak"},"IsWeComplementar":true,"NsIndividualTeams":0,"NsResult":4.6666666666666666666666666667,"NsScore":{"__type":"PointScore:#CalculatingEngine","WithContract":true,"Contract":{"Contract":{"Denomination":2,"Height":4,"Xx":0},"Declarer":2},"Declarer":0,"Denomination":0,"Height":0,"Lead":{"CardColor":0,"CardHeight":2},"Overtricks":0,"Score":-620,"Xx":0},"OpenRoom":true,"ParticipantsNs":[{"Number":2,"_flag":null,"_name":"Kazimierz Górniak - Bogdan Górniak","_person1":{"_bboUsername":"","_firstName":"Kazimierz","_flag":null,"_lastName":"Górniak","_pid":{"__type":"RealPid:#TournamentStructure","Number":12850},"_resultNote":""},"_person2":{"_bboUsername":"","_firstName":"Bogdan","_flag":null,"_lastName":"Górniak","_pid":{"__type":"RealNotregisteredPid:#TournamentStructure","Number":100002},"_resultNote":""},"_shortName":"K Górniak - B Górniak"}],"ParticipantsWe":[{"Number":6,"_flag":null,"_name":"Elżbieta Warwas - Igor Reguła","_person1":{"_bboUsername":"","_firstName":"Igor","_flag":null,"_lastName":"Reguła","_pid":{"__type":"RealPid:#TournamentStructure","Number":6073},"_resultNote":""},"_person2":{"_bboUsername":"","_firstName":"Elżbieta","_flag":null,"_lastName":"Warwas","_pid":{"__type":"RealNotregisteredPid:#TournamentStructure","Number":100001},"_resultNote":""},"_shortName":"E Warwas - I Reguła"}],"Play":[],"Round":9,"Segment":0,"Session":1,"Table":"A1","TableToShow":"1","WeIndividualTeams":0,"WeResult":-4.6666666666666666666666666667,"WeScore":null},{"Bidding":[],"Guest":{"Number":3,"_flag":null,"_name":"Dariusz Cygan - Leszek Supera","_person1":{"_bboUsername":"","_firstName":"Dariusz","_flag":null,"_lastName":"Cygan","_pid":{"__type":"RealPid:#TournamentStructure","Number":5592},"_resultNote":""},"_person2":{"_bboUsername":"","_firstName":"Leszek","_flag":null,"_lastName":"Supera","_pid":{"__type":"RealPid:#TournamentStructure","Number":20919},"_resultNote":""},"_shortName":"D Cygan - L Supera"},"Host":{"Number":9,"_flag":null,"_name":"Małgorzata Kula - Paweł Kula","_person1":{"_bboUsername":"","_firstName":"Paweł","_flag":null,"_lastName":"Kula","_pid":{"__type":"RealNotregisteredPid:#TournamentStructure","Number":100014},"_resultNote":""},"_person2":{"_bboUsername":"","_firstName":"Małgorzata","_flag":null,"_lastName":"Kula","_pid":{"__type":"RealNotregisteredPid:#TournamentStructure","Number":100013},"_resultNote":""},"_shortName":"M Kula - P Kula"},"IsWeComplementar":true,"NsIndividualTeams":0,"NsResult":4.6666666666666666666666666667,"NsScore":{"__type":"PointScore:#CalculatingEngine","WithContract":true,"Contract":{"Contract":{"Denomination":2,"Height":4,"Xx":0},"Declarer":3},"Declarer":0,"Denomination":0,"Height":0,"Lead":{"CardColor":1,"CardHeight":6},"Overtricks":0,"Score":-620,"Xx":0},"OpenRoom":true,"ParticipantsNs":[{"Number":9,"_flag":null,"_name":"Małgorzata Kula - Paweł Kula","_person1":{"_bboUsername":"","_firstName":"Paweł","_flag":null,"_lastName":"Kula","_pid":{"__type":"RealNotregisteredPid:#TournamentStructure","Number":100014},"_resultNote":""},"_person2":{"_bboUsername":"","_firstName":"Małgorzata","_flag":null,"_lastName":"Kula","_pid":{"__type":"RealNotregisteredPid:#TournamentStructure","Number":100013},"_resultNote":""},"_shortName":"M Kula - P Kula"}],"ParticipantsWe":[{"Number":3,"_flag":null,"_name":"Dariusz Cygan - Leszek Supera","_person1":{"_bboUsername":"","_firstName":"Dariusz","_flag":null,"_lastName":"Cygan","_pid":{"__type":"RealPid:#TournamentStructure","Number":5592},"_resultNote":""},"_person2":{"_bboUsername":"","_firstName":"Leszek","_flag":null,"_lastName":"Supera","_pid":{"__type":"RealPid:#TournamentStructure","Number":20919},"_resultNote":""},"_shortName":"D Cygan - L Supera"}],"Play":[],"Round":8,"Segment":0,"Session":1,"Table":"A2","TableToShow":"2","WeIndividualTeams":0,"WeResult":-4.6666666666666666666666666667,"WeScore":null},{"Bidding":[],"Guest":{"Number":7,"_flag":null,"_name":"Andrzej Wieczorek - Maciej Zbrzezny","_person1":{"_bboUsername":"","_firstName":"Andrzej","_flag":null,"_lastName":"Wieczorek","_pid":{"__type":"RealPid:#TournamentStructure","Number":17396},"_resultNote":""},"_person2":{"_bboUsername":"","_firstName":"Maciej","_flag":null,"_lastName":"Zbrzezny","_pid":{"__type":"RealPid:#TournamentStructure","Number":23821},"_resultNote":""},"_shortName":"A Wieczorek - M Zbrzezny"},"Host":{"Number":10,"_flag":null,"_name":"PAUZA - PAUZA","_person1":{"_bboUsername":"","_firstName":"","_flag":null,"_lastName":"PAUZA","_pid":{"__type":"NoPid:#TournamentStructure","Number":0},"_resultNote":""},"_person2":{"_bboUsername":"","_firstName":"","_flag":null,"_lastName":"PAUZA","_pid":{"__type":"NoPid:#TournamentStructure","Number":0},"_resultNote":""},"_shortName":"\u0000 PAUZA - \u0000 PAUZA"},"IsWeComplementar":false,"NsIndividualTeams":0,"NsResult":0,"NsScore":{"__type":"ArtificialScoreSitOut:#CalculatingEngine","WithContract":false},"OpenRoom":true,"ParticipantsNs":[{"Number":10,"_flag":null,"_name":"PAUZA - PAUZA","_person1":{"_bboUsername":"","_firstName":"","_flag":null,"_lastName":"PAUZA","_pid":{"__type":"NoPid:#TournamentStructure","Number":0},"_resultNote":""},"_person2":{"_bboUsername":"","_firstName":"","_flag":null,"_lastName":"PAUZA","_pid":{"__type":"NoPid:#TournamentStructure","Number":0},"_resultNote":""},"_shortName":"\u0000 PAUZA - \u0000 PAUZA"}],"ParticipantsWe":[{"Number":7,"_flag":null,"_name":"Andrzej Wieczorek - Maciej Zbrzezny","_person1":{"_bboUsername":"","_firstName":"Andrzej","_flag":null,"_lastName":"Wieczorek","_pid":{"__type":"RealPid:#TournamentStructure","Number":17396},"_resultNote":""},"_person2":{"_bboUsername":"","_firstName":"Maciej","_flag":null,"_lastName":"Zbrzezny","_pid":{"__type":"RealPid:#TournamentStructure","Number":23821},"_resultNote":""},"_shortName":"A Wieczorek - M Zbrzezny"}],"Play":[],"Round":7,"Segment":0,"Session":1,"Table":"A3","TableToShow":"3","WeIndividualTeams":0,"WeResult":1.1597222222222222222222222222,"WeScore":{"__type":"ArtificialScoreSitOut:#CalculatingEngine","WithContract":false}},{"Bidding":[],"Guest":{"Number":5,"_flag":null,"_name":"Andrzej Duszyński - Krzysztof Rosiak","_person1":{"_bboUsername":"","_firstName":"Andrzej","_flag":null,"_lastName":"Duszyński","_pid":{"__type":"RealPid:#TournamentStructure","Number":15395},"_resultNote":""},"_person2":{"_bboUsername":"","_firstName":"Krzysztof","_flag":null,"_lastName":"Rosiak","_pid":{"__type":"RealPid:#TournamentStructure","Number":5791},"_resultNote":""},"_shortName":"A Duszyński - K Rosiak"},"Host":{"Number":4,"_flag":null,"_name":"Jan Marczak - Andrzej Jaraszkiewicz","_person1":{"_bboUsername":"","_firstName":"Jan","_flag":null,"_lastName":"Marczak","_pid":{"__type":"RealNotregisteredPid:#TournamentStructure","Number":100005},"_resultNote":""},"_person2":{"_bboUsername":"","_firstName":"Andrzej","_flag":null,"_lastName":"Jaraszkiewicz","_pid":{"__type":"RealNotregisteredPid:#TournamentStructure","Number":100004},"_resultNote":""},"_shortName":"J Marczak - A Jaraszkiewicz"},"IsWeComplementar":true,"NsIndividualTeams":0,"NsResult":-14,"NsScore":{"__type":"PointScore:#CalculatingEngine","WithContract":true,"Contract":{"Contract":{"Denomination":4,"Height":6,"Xx":1},"Declarer":3},"Declarer":0,"Denomination":0,"Height":0,"Lead":{"CardColor":1,"CardHeight":6},"Overtricks":0,"Score":-1680,"Xx":0},"OpenRoom":true,"ParticipantsNs":[{"Number":4,"_flag":null,"_name":"Jan Marczak - Andrzej Jaraszkiewicz","_person1":{"_bboUsername":"","_firstName":"Jan","_flag":null,"_lastName":"Marczak","_pid":{"__type":"RealNotregisteredPid:#TournamentStructure","Number":100005},"_resultNote":""},"_person2":{"_bboUsername":"","_firstName":"Andrzej","_flag":null,"_lastName":"Jaraszkiewicz","_pid":{"__type":"RealNotregisteredPid:#TournamentStructure","Number":100004},"_resultNote":""},"_shortName":"J Marczak - A Jaraszkiewicz"}],"ParticipantsWe":[{"Number":5,"_flag":null,"_name":"Andrzej Duszyński - Krzysztof Rosiak","_person1":{"_bboUsername":"","_firstName":"Andrzej","_flag":null,"_lastName":"Duszyński","_pid":{"__type":"RealPid:#TournamentStructure","Number":15395},"_resultNote":""},"_person2":{"_bboUsername":"","_firstName":"Krzysztof","_flag":null,"_lastName":"Rosiak","_pid":{"__type":"RealPid:#TournamentStructure","Number":5791},"_resultNote":""},"_shortName":"A Duszyński - K Rosiak"}],"Play":[],"Round":6,"Segment":0,"Session":1,"Table":"A4","TableToShow":"4","WeIndividualTeams":0,"WeResult":14,"WeScore":null},{"Bidding":[],"Guest":{"Number":8,"_flag":null,"_name":"Tomasz Kloze - Jerzy Janio","_person1":{"_bboUsername":"","_firstName":"Tomasz","_flag":null,"_lastName":"Kloze","_pid":{"__type":"RealNotregisteredPid:#TournamentStructure","Number":100003},"_resultNote":""},"_person2":{"_bboUsername":"","_firstName":"Jerzy","_flag":null,"_lastName":"Janio","_pid":{"__type":"RealPid:#TournamentStructure","Number":12852},"_resultNote":""},"_shortName":"T Kloze - J Janio"},"Host":{"Number":1,"_flag":null,"_name":"Jakub Ulczyński - Paweł Cichoś","_person1":{"_bboUsername":"","_firstName":"Jakub","_flag":null,"_lastName":"Ulczyński","_pid":{"__type":"RealPid:#TournamentStructure","Number":15731},"_resultNote":""},"_person2":{"_bboUsername":"","_firstName":"Paweł","_flag":null,"_lastName":"Cichoś","_pid":{"__type":"RealPid:#TournamentStructure","Number":17413},"_resultNote":""},"_shortName":"J Ulczyński - P Cichoś"},"IsWeComplementar":true,"NsIndividualTeams":0,"NsResult":4.6666666666666666666666666667,"NsScore":{"__type":"PointScore:#CalculatingEngine","WithContract":true,"Contract":{"Contract":{"Denomination":2,"Height":4,"Xx":0},"Declarer":3},"Declarer":0,"Denomination":0,"Height":0,"Lead":{"CardColor":0,"CardHeight":3},"Overtricks":0,"Score":-620,"Xx":0},"OpenRoom":true,"ParticipantsNs":[{"Number":1,"_flag":null,"_name":"Jakub Ulczyński - Paweł Cichoś","_person1":{"_bboUsername":"","_firstName":"Jakub","_flag":null,"_lastName":"Ulczyński","_pid":{"__type":"RealPid:#TournamentStructure","Number":15731},"_resultNote":""},"_person2":{"_bboUsername":"","_firstName":"Paweł","_flag":null,"_lastName":"Cichoś","_pid":{"__type":"RealPid:#TournamentStructure","Number":17413},"_resultNote":""},"_shortName":"J Ulczyński - P Cichoś"}],"ParticipantsWe":[{"Number":8,"_flag":null,"_name":"Tomasz Kloze - Jerzy Janio","_person1":{"_bboUsername":"","_firstName":"Tomasz","_flag":null,"_lastName":"Kloze","_pid":{"__type":"RealNotregisteredPid:#TournamentStructure","Number":100003},"_resultNote":""},"_person2":{"_bboUsername":"","_firstName":"Jerzy","_flag":null,"_lastName":"Janio","_pid":{"__type":"RealPid:#TournamentStructure","Number":12852},"_resultNote":""},"_shortName":"T Kloze - J Janio"}],"Play":[],"Round":5,"Segment":0,"Session":1,"Table":"A5","TableToShow":"5","WeIndividualTeams":0,"WeResult":-4.6666666666666666666666666667,"WeScore":null}],"WeAverage":-10000}]}