{"PeopleParticipated":[],"Results":[{"AdjustmentsSum":0,"CarryOverSum":0,"CountedBoards":27,"Participant":{"__type":"PairParticipant:#TournamentStructure","Number":5,"_notClassified":false,"_notShown":false,"_siteoff":false,"_webpagePassword":"5M4ClStt","_webpageUsername":"participant_5","_person1":{"ChangedFromTeamsNew":"\/Date(-62135341200000+0100)\/","DontRegister":false,"Validates":true,"_ageCategory":5,"_bboUsername":"","_club":"PTC Pabianice","_discount":true,"_firstName":"Andrzej","_flag":null,"_isNewTeamPerson":false,"_isSitOut":false,"_lastName":"Duszyński","_membershipFee":true,"_pid":{"__type":"RealPid:#TournamentStructure","Number":15395},"_resultNote":"","_sex":0,"_state":"LD","_wk":4.0,"_wkTag":"8,1155 (2520)"},"_person2":{"ChangedFromTeamsNew":"\/Date(-62135341200000+0100)\/","DontRegister":false,"Validates":true,"_ageCategory":5,"_bboUsername":"","_club":"PTC II Pabianice","_discount":false,"_firstName":"Krzysztof","_flag":null,"_isNewTeamPerson":false,"_isSitOut":false,"_lastName":"Rosiak","_membershipFee":false,"_pid":{"__type":"RealPid:#TournamentStructure","Number":5791},"_resultNote":"","_sex":0,"_state":"LD","_wk":3.0,"_wkTag":"4,2075 (3511)"}},"ParticipantAdjustments":[],"ParticipantGroup":null,"Place":1,"Result":{"PointsCalculation1":{"Numerator":{"__type":"BigInteger:#System.Numerics","_bits":null,"_sign":1041},"Denominator":{"__type":"BigInteger:#System.Numerics","_bits":null,"_sign":16}},"PointsCalculation2":{"Numerator":{"__type":"BigInteger:#System.Numerics","_bits":null,"_sign":0},"Denominator":{"__type":"BigInteger:#System.Numerics","_bits":null,"_sign":1}},"_pointsDecimal":65.0625,"_pointsRational":{"Numerator":{"__type":"BigInteger:#System.Numerics","_bits":null,"_sign":1041},"Denominator":{"__type":"BigInteger:#System.Numerics","_bits":null,"_sign":16}}},"Reward":{"Place":1,"_classificationPoints":3,"_congressPoints":0,"_congressPointsNew":{"Numerator":{"__type":"BigInteger:#System.Numerics","_bits":null,"_sign":0},"Denominator":{"__type":"BigInteger:#System.Numerics","_bits":null,"_sign":1}},"_description":"","_reward":""},"SessionSum":65.0625},{"AdjustmentsSum":0,"CarryOverSum":0,"CountedBoards":27,"Participant":{"__type":"PairParticipant:#TournamentStructure","Number":7,"_notClassified":false,"_notShown":false,"_siteoff":false,"_webpagePassword":"YaKxPS3b","_webpageUsername":"participant_7","_person1":{"ChangedFromTeamsNew":"\/Date(-62135341200000+0100)\/","DontRegister":false,"Validates":true,"_ageCategory":5,"_bboUsername":"","_club":"PTC II Pabianice","_discount":false,"_firstName":"Andrzej","_flag":null,"_isNewTeamPerson":false,"_isSitOut":false,"_lastName":"Wieczorek","_membershipFee":false,"_pid":{"__type":"RealPid:#TournamentStructure","Number":17396},"_resultNote":"","_sex":0,"_state":"LD","_wk":1.5,"_wkTag":"4,2050 (3513)"},"_person2":{"ChangedFromTeamsNew":"\/Date(-62135341200000+0100)\/","DontRegister":false,"Validates":true,"_ageCategory":4,"_bboUsername":"","_club":"PTC II Pabianice","_discount":true,"_firstName":"Maciej","_flag":null,"_isNewTeamPerson":false,"_isSitOut":false,"_lastName":"Zbrzezny","_membershipFee":true,"_pid":{"__type":"RealPid:#TournamentStructure","Number":23821},"_resultNote":"","_sex":0,"_state":"LD","_wk":0.5,"_wkTag":"1,1600 (5162)"}},"ParticipantAdjustments":[],"ParticipantGroup":null,"Place":2,"Result":{"PointsCalculation1":{"Numerator":{"__type":"BigInteger:#System.Numerics","_bits":null,"_sign":501},"Denominator":{"__type":"BigInteger:#System.Numerics","_bits":null,"_sign":16}},"PointsCalculation2":{"Numerator":{"__type":"BigInteger:#System.Numerics","_bits":null,"_sign":0},"Denominator":{"__type":"BigInteger:#System.Numerics","_bits":null,"_sign":1}},"_pointsDecimal":31.3125,"_pointsRational":{"Numerator":{"__type":"BigInteger:#System.Numerics","_bits":null,"_sign":501},"Denominator":{"__type":"BigInteger:#System.Numerics","_bits":null,"_sign":16}}},"Reward":{"Place":2,"_classificationPoints":2,"_congressPoints":0,"_congressPointsNew":{"Numerator":{"__type":"BigInteger:#System.Numerics","_bits":null,"_sign":0},"Denominator":{"__type":"BigInteger:#System.Numerics","_bits":null,"_sign":1}},"_description":"","_reward":""},"SessionSum":31.3125},{"AdjustmentsSum":0,"CarryOverSum":0,"CountedBoards":27,"Participant":{"__type":"PairParticipant:#TournamentStructure","Number":6,"_notClassified":false,"_notShown":false,"_siteoff":false,"_webpagePassword":"3RXJUyQ8","_webpageUsername":"participant_6","_person1":{"ChangedFromTeamsNew":"\/Date(-62135341200000+0100)\/","DontRegister":false,"Validates":true,"_ageCategory":null,"_bboUsername":"","_club":"","_discount":false,"_firstName":"Elżbieta","_flag":null,"_isNewTeamPerson":false,"_isSitOut":false,"_lastName":"Warwas","_membershipFee":false,"_pid":{"__type":"RealNotregisteredPid:#TournamentStructure","Number":100001},"_resultNote":"","_sex":null,"_state":"","_wk":0,"_wkTag":null},"_person2":{"ChangedFromTeamsNew":"\/Date(-62135341200000+0100)\/","DontRegister":false,"Validates":true,"_ageCategory":0,"_bboUsername":"","_club":"PTC II Pabianice","_discount":false,"_firstName":"Igor","_flag":null,"_isNewTeamPerson":false,"_isSitOut":false,"_lastName":"Reguła","_membershipFee":true,"_pid":{"__type":"RealPid:#TournamentStructure","Number":6073},"_resultNote":"","_sex":0,"_state":"LD","_wk":3.0,"_wkTag":"5,0835 (3226)"}},"ParticipantAdjustments":[],"ParticipantGroup":null,"Place":3,"Result":{"PointsCalculation1":{"Numerator":{"__type":"BigInteger:#System.Numerics","_bits":null,"_sign":477},"Denominator":{"__type":"BigInteger:#System.Numerics","_bits":null,"_sign":16}},"PointsCalculation2":{"Numerator":{"__type":"BigInteger:#System.Numerics","_bits":null,"_sign":0},"Denominator":{"__type":"BigInteger:#System.Numerics","_bits":null,"_sign":1}},"_pointsDecimal":29.8125,"_pointsRational":{"Numerator":{"__type":"BigInteger:#System.Numerics","_bits":null,"_sign":477},"Denominator":{"__type":"BigInteger:#System.Numerics","_bits":null,"_sign":16}}},"Reward":{"Place":3,"_classificationPoints":1,"_congressPoints":0,"_congressPointsNew":{"Numerator":{"__type":"BigInteger:#System.Numerics","_bits":null,"_sign":0},"Denominator":{"__type":"BigInteger:#System.Numerics","_bits":null,"_sign":1}},"_description":"","_reward":""},"SessionSum":29.8125},{"AdjustmentsSum":0,"CarryOverSum":0,"CountedBoards":27,"Participant":{"__type":"PairParticipant:#TournamentStructure","Number":2,"_notClassified":false,"_notShown":false,"_siteoff":false,"_webpagePassword":"w5IIqRY5","_webpageUsername":"participant_2","_person1":{"ChangedFromTeamsNew":"\/Date(-62135341200000+0100)\/","DontRegister":false,"Validates":true,"_ageCategory":6,"_bboUsername":"","_club":"","_discount":false,"_firstName":"Kazimierz","_flag":null,"_isNewTeamPerson":false,"_isSitOut":false,"_lastName":"Górniak","_membershipFee":false,"_pid":{"__type":"RealPid:#TournamentStructure","Number":12850},"_resultNote":"","_sex":0,"_state":"LD","_wk":1.5,"_wkTag":null},"_person2":{"ChangedFromTeamsNew":"\/Date(-62135341200000+0100)\/","DontRegister":false,"Validates":true,"_ageCategory":null,"_bboUsername":"","_club":"","_discount":false,"_firstName":"Bogdan","_flag":null,"_isNewTeamPerson":false,"_isSitOut":false,"_lastName":"Górniak","_membershipFee":false,"_pid":{"__type":"RealNotregisteredPid:#TournamentStructure","Number":100002},"_resultNote":"","_sex":null,"_state":"","_wk":0,"_wkTag":null}},"ParticipantAdjustments":[],"ParticipantGroup":null,"Place":4,"Result":{"PointsCalculation1":{"Numerator":{"__type":"BigInteger:#System.Numerics","_bits":null,"_sign":351},"Denominator":{"__type":"BigInteger:#System.Numerics","_bits":null,"_sign":16}},"PointsCalculation2":{"Numerator":{"__type":"BigInteger:#System.Numerics","_bits":null,"_sign":0},"Denominator":{"__type":"BigInteger:#System.Numerics","_bits":null,"_sign":1}},"_pointsDecimal":21.9375,"_pointsRational":{"Numerator":{"__type":"BigInteger:#System.Numerics","_bits":null,"_sign":351},"Denominator":{"__type":"BigInteger:#System.Numerics","_bits":null,"_sign":16}}},"Reward":{"Place":4,"_classificationPoints":1,"_congressPoints":0,"_congressPointsNew":{"Numerator":{"__type":"BigInteger:#System.Numerics","_bits":null,"_sign":0},"Denominator":{"__type":"BigInteger:#System.Numerics","_bits":null,"_sign":1}},"_description":"","_reward":""},"SessionSum":21.9375},{"AdjustmentsSum":0,"CarryOverSum":0,"CountedBoards":27,"Participant":{"__type":"PairParticipant:#TournamentStructure","Number":1,"_notClassified":false,"_notShown":false,"_siteoff":false,"_webpagePassword":"nkBnYCPB","_webpageUsername":"participant_1","_person1":{"ChangedFromTeamsNew":"\/Date(-62135341200000+0100)\/","DontRegister":false,"Validates":true,"_ageCategory":0,"_bboUsername":"","_club":"","_discount":false,"_firstName":"Jakub","_flag":null,"_isNewTeamPerson":false,"_isSitOut":false,"_lastName":"Ulczyński","_membershipFee":false,"_pid":{"__type":"RealPid:#TournamentStructure","Number":15731},"_resultNote":"","_sex":0,"_state":"LD","_wk":1.5,"_wkTag":null},"_person2":{"ChangedFromTeamsNew":"\/Date(-62135341200000+0100)\/","DontRegister":false,"Validates":true,"_ageCategory":0,"_bboUsername":"","_club":"PTC II Pabianice","_discount":false,"_firstName":"Paweł","_flag":null,"_isNewTeamPerson":false,"_isSitOut":false,"_lastName":"Cichoś","_membershipFee":false,"_pid":{"__type":"RealPid:#TournamentStructure","Number":17413},"_resultNote":"","_sex":0,"_state":"LD","_wk":2.0,"_wkTag":"5,5110 (3099)"}},"ParticipantAdjustments":[],"ParticipantGroup":null,"Place":5,"Result":{"PointsCalculation1":{"Numerator":{"__type":"BigInteger:#System.Numerics","_bits":null,"_sign":-3},"Denominator":{"__type":"BigInteger:#System.Numerics","_bits":null,"_sign":4}},"PointsCalculation2":{"Numerator":{"__type":"BigInteger:#System.Numerics","_bits":null,"_sign":0},"Denominator":{"__type":"BigInteger:#System.Numerics","_bits":null,"_sign":1}},"_pointsDecimal":-0.75,"_pointsRational":{"Numerator":{"__type":"BigInteger:#System.Numerics","_bits":null,"_sign":-3},"Denominator":{"__type":"BigInteger:#System.Numerics","_bits":null,"_sign":4}}},"Reward":{"Place":5,"_classificationPoints":1,"_congressPoints":0,"_congressPointsNew":{"Numerator":{"__type":"BigInteger:#System.Numerics","_bits":null,"_sign":0},"Denominator":{"__type":"BigInteger:#System.Numerics","_bits":null,"_sign":1}},"_description":"","_reward":""},"SessionSum":-0.75},{"AdjustmentsSum":0,"CarryOverSum":0,"CountedBoards":27,"Participant":{"__type":"PairParticipant:#TournamentStructure","Number":8,"_notClassified":false,"_notShown":false,"_siteoff":false,"_webpagePassword":"OiLoX4sv","_webpageUsername":"participant_8","_person1":{"ChangedFromTeamsNew":"\/Date(-62135341200000+0100)\/","DontRegister":false,"Validates":true,"_ageCategory":null,"_bboUsername":"","_club":"","_discount":false,"_firstName":"Tomasz","_flag":null,"_isNewTeamPerson":false,"_isSitOut":false,"_lastName":"Kloze","_membershipFee":false,"_pid":{"__type":"RealNotregisteredPid:#TournamentStructure","Number":100003},"_resultNote":"","_sex":null,"_state":"","_wk":0,"_wkTag":null},"_person2":{"ChangedFromTeamsNew":"\/Date(-62135341200000+0100)\/","DontRegister":false,"Validates":true,"_ageCategory":6,"_bboUsername":"","_club":"PTC II Pabianice","_discount":false,"_firstName":"Jerzy","_flag":null,"_isNewTeamPerson":false,"_isSitOut":false,"_lastName":"Janio","_membershipFee":false,"_pid":{"__type":"RealPid:#TournamentStructure","Number":12852},"_resultNote":"","_sex":0,"_state":"LD","_wk":4.0,"_wkTag":"7,3745 (2655)"}},"ParticipantAdjustments":[],"ParticipantGroup":null,"Place":6,"Result":{"PointsCalculation1":{"Numerator":{"__type":"BigInteger:#System.Numerics","_bits":null,"_sign":-123},"Denominator":{"__type":"BigInteger:#System.Numerics","_bits":null,"_sign":8}},"PointsCalculation2":{"Numerator":{"__type":"BigInteger:#System.Numerics","_bits":null,"_sign":0},"Denominator":{"__type":"BigInteger:#System.Numerics","_bits":null,"_sign":1}},"_pointsDecimal":-15.375,"_pointsRational":{"Numerator":{"__type":"BigInteger:#System.Numerics","_bits":null,"_sign":-123},"Denominator":{"__type":"BigInteger:#System.Numerics","_bits":null,"_sign":8}}},"Reward":{"Place":6,"_classificationPoints":1,"_congressPoints":0,"_congressPointsNew":{"Numerator":{"__type":"BigInteger:#System.Numerics","_bits":null,"_sign":0},"Denominator":{"__type":"BigInteger:#System.Numerics","_bits":null,"_sign":1}},"_description":"","_reward":""},"SessionSum":-15.375},{"AdjustmentsSum":0,"CarryOverSum":0,"CountedBoards":27,"Participant":{"__type":"PairParticipant:#TournamentStructure","Number":3,"_notClassified":false,"_notShown":false,"_siteoff":false,"_webpagePassword":"BWjc9DvH","_webpageUsername":"participant_3","_person1":{"ChangedFromTeamsNew":"\/Date(-62135341200000+0100)\/","DontRegister":false,"Validates":true,"_ageCategory":0,"_bboUsername":"","_club":"PTC Pabianice","_discount":false,"_firstName":"Dariusz","_flag":null,"_isNewTeamPerson":false,"_isSitOut":false,"_lastName":"Cygan","_membershipFee":true,"_pid":{"__type":"RealPid:#TournamentStructure","Number":5592},"_resultNote":"","_sex":0,"_state":"LD","_wk":5.0,"_wkTag":"14,1410 (1759)"},"_person2":{"ChangedFromTeamsNew":"\/Date(-62135341200000+0100)\/","DontRegister":false,"Validates":true,"_ageCategory":5,"_bboUsername":"","_club":"PTC Pabianice","_discount":true,"_firstName":"Leszek","_flag":null,"_isNewTeamPerson":false,"_isSitOut":false,"_lastName":"Supera","_membershipFee":true,"_pid":{"__type":"RealPid:#TournamentStructure","Number":20919},"_resultNote":"","_sex":0,"_state":"LD","_wk":2.5,"_wkTag":"16,1310 (1576)"}},"ParticipantAdjustments":[],"ParticipantGroup":null,"Place":7,"Result":{"PointsCalculation1":{"Numerator":{"__type":"BigInteger:#System.Numerics","_bits":null,"_sign":-153},"Denominator":{"__type":"BigInteger:#System.Numerics","_bits":null,"_sign":8}},"PointsCalculation2":{"Numerator":{"__type":"BigInteger:#System.Numerics","_bits":null,"_sign":0},"Denominator":{"__type":"BigInteger:#System.Numerics","_bits":null,"_sign":1}},"_pointsDecimal":-19.125,"_pointsRational":{"Numerator":{"__type":"BigInteger:#System.Numerics","_bits":null,"_sign":-153},"Denominator":{"__type":"BigInteger:#System.Numerics","_bits":null,"_sign":8}}},"Reward":{"Place":7,"_classificationPoints":1,"_congressPoints":0,"_congressPointsNew":{"Numerator":{"__type":"BigInteger:#System.Numerics","_bits":null,"_sign":0},"Denominator":{"__type":"BigInteger:#System.Numerics","_bits":null,"_sign":1}},"_description":"","_reward":""},"SessionSum":-19.125},{"AdjustmentsSum":0,"CarryOverSum":0,"CountedBoards":27,"Participant":{"__type":"PairParticipant:#TournamentStructure","Number":9,"_notClassified":false,"_notShown":false,"_siteoff":false,"_webpagePassword":"66gqjUdh","_webpageUsername":"participant_9","_person1":{"ChangedFromTeamsNew":"\/Date(-62135341200000+0100)\/","DontRegister":false,"Validates":true,"_ageCategory":null,"_bboUsername":"","_club":"","_discount":false,"_firstName":"Małgorzata","_flag":null,"_isNewTeamPerson":false,"_isSitOut":false,"_lastName":"Kula","_membershipFee":false,"_pid":{"__type":"RealNotregisteredPid:#TournamentStructure","Number":100013},"_resultNote":"","_sex":null,"_state":"","_wk":0,"_wkTag":null},"_person2":{"ChangedFromTeamsNew":"\/Date(-62135341200000+0100)\/","DontRegister":false,"Validates":true,"_ageCategory":null,"_bboUsername":"","_club":"","_discount":false,"_firstName":"Paweł","_flag":null,"_isNewTeamPerson":false,"_isSitOut":false,"_lastName":"Kula","_membershipFee":false,"_pid":{"__type":"RealNotregisteredPid:#TournamentStructure","Number":100014},"_resultNote":"","_sex":null,"_state":"","_wk":0,"_wkTag":null}},"ParticipantAdjustments":[],"ParticipantGroup":null,"Place":8,"Result":{"PointsCalculation1":{"Numerator":{"__type":"BigInteger:#System.Numerics","_bits":null,"_sign":-201},"Denominator":{"__type":"BigInteger:#System.Numerics","_bits":null,"_sign":4}},"PointsCalculation2":{"Numerator":{"__type":"BigInteger:#System.Numerics","_bits":null,"_sign":0},"Denominator":{"__type":"BigInteger:#System.Numerics","_bits":null,"_sign":1}},"_pointsDecimal":-50.25,"_pointsRational":{"Numerator":{"__type":"BigInteger:#System.Numerics","_bits":null,"_sign":-201},"Denominator":{"__type":"BigInteger:#System.Numerics","_bits":null,"_sign":4}}},"Reward":{"Place":8,"_classificationPoints":1,"_congressPoints":0,"_congressPointsNew":{"Numerator":{"__type":"BigInteger:#System.Numerics","_bits":null,"_sign":0},"Denominator":{"__type":"BigInteger:#System.Numerics","_bits":null,"_sign":1}},"_description":"","_reward":""},"SessionSum":-50.25},{"AdjustmentsSum":0,"CarryOverSum":0,"CountedBoards":27,"Participant":{"__type":"PairParticipant:#TournamentStructure","Number":4,"_notClassified":false,"_notShown":false,"_siteoff":false,"_webpagePassword":"lOjFqPmB","_webpageUsername":"participant_4","_person1":{"ChangedFromTeamsNew":"\/Date(-62135341200000+0100)\/","DontRegister":false,"Validates":true,"_ageCategory":null,"_bboUsername":"","_club":"","_discount":false,"_firstName":"Jan","_flag":null,"_isNewTeamPerson":false,"_isSitOut":false,"_lastName":"Marczak","_membershipFee":false,"_pid":{"__type":"RealNotregisteredPid:#TournamentStructure","Number":100005},"_resultNote":"","_sex":null,"_state":"","_wk":0,"_wkTag":null},"_person2":{"ChangedFromTeamsNew":"\/Date(-62135341200000+0100)\/","DontRegister":false,"Validates":true,"_ageCategory":null,"_bboUsername":"","_club":"","_discount":false,"_firstName":"Andrzej","_flag":null,"_isNewTeamPerson":false,"_isSitOut":false,"_lastName":"Jaraszkiewicz","_membershipFee":false,"_pid":{"__type":"RealNotregisteredPid:#TournamentStructure","Number":100004},"_resultNote":"","_sex":null,"_state":"","_wk":0,"_wkTag":null}},"ParticipantAdjustments":[],"ParticipantGroup":null,"Place":9,"Result":{"PointsCalculation1":{"Numerator":{"__type":"BigInteger:#System.Numerics","_bits":null,"_sign":-501},"Denominator":{"__type":"BigInteger:#System.Numerics","_bits":null,"_sign":8}},"PointsCalculation2":{"Numerator":{"__type":"BigInteger:#System.Numerics","_bits":null,"_sign":0},"Denominator":{"__type":"BigInteger:#System.Numerics","_bits":null,"_sign":1}},"_pointsDecimal":-62.625,"_pointsRational":{"Numerator":{"__type":"BigInteger:#System.Numerics","_bits":null,"_sign":-501},"Denominator":{"__type":"BigInteger:#System.Numerics","_bits":null,"_sign":8}}},"Reward":{"Place":9,"_classificationPoints":1,"_congressPoints":0,"_congressPointsNew":{"Numerator":{"__type":"BigInteger:#System.Numerics","_bits":null,"_sign":0},"Denominator":{"__type":"BigInteger:#System.Numerics","_bits":null,"_sign":1}},"_description":"","_reward":""},"SessionSum":-62.625}]}